Date,Where used,Song Title,Artist,Buy
2015/06,WWDC intra-session playlist 14,A-Punk,Vampire Weekend,iTunes
2011/06,OS X Lion promo video,About Saying and Meaning Goodbye,Act As If,iTunes
2003/04,iTunes Music Event/iTMS Europe Launch,Adia,Sarah McLachlan,iTunes
2003/04,iTunes Music Event 2002 Macworld San Francisco,Adiemus,Adiemus,iTunes
2001,"iBook G3 ""Snow"" introduction video (3:50)",Adukbe (Tomorrow),Baka Beyond,iTunes
2012/06,MacBook Pro with Retina Display introduction video,Afternoon,Youth Lagoon,iTunes
2012/10,iPad mini intro video (first song) 2011/06 WWDC Intra-session 6/9/11 10:06 a.m. 2010/06 WWDC Intra-session (iMix created by @masto),Age of Consent,New Order,iTunes
2012/10,iPad mini introduction video (first song),Age of Consent (New Order),Geographer,
2014/06,WWDC intra-session,The Age Of Worry,John Mayer,iTunes
2014/06,WWDC intra-session,Ain't It Fun,Paramore,iTunes
2015/06,WWDC intra-session playlist 15 2014/06 WWDC intra-session,Alive,Empire of the Sun,iTunes
2004,iTMS Europe Launch at Apple Expo London,All Along the Watchtower,Jimi Hendrix,iTunes
2015,"according to the AV engineer, this song has been played after the last session at every WWDC since 1999",All Along The Watchtower [Alternate Take],The Jimi Hendrix Experience,
2004,iTMS Europe Launch at Apple Expo London,All at Sea,Jamie Cullum,iTunes
2009/06,WWDC intra-session 6/12/09 2:55pm,All Because Of You,U2,iTunes
2005,Special Music Event,All Falls Down,Kanye West,iTunes
2004,Apple iLife '04 into,All I Wanna Do,Sheryl Crow,iTunes
2010/06,WWDC Bash 4,All Is Not Lost,OK Go,iTunes
2001,Apple iPod Intro,All Star,Smash Mouth,iTunes
2010/11,"The Beatles on iTunes ""Studio - All You Need is Love"" commercial",All You Need is Love,The Beatles,iTunes
2015/06,WWDC intra-session playlist 49 2014/06 WWDC intra-session,Alligator Sky,Owl City Feat. Shawn Chrystopher,iTunes
2009/06,WWDC intra-session 6/11/2009 6:16pm,Almada,Clorofila,
2010/02,iPad introduction video,Almost Everything,Wakey!Wakey!,iTunes
2014/09/09,"iPhone 6/6 Plus ""Duo"" commercial",Also sprach Zarathustra,Justin Timberlake & Jimmy Fallon,iTunes
1999,Macworld San Francisco/Blue & White G3/Open Minded/Secret Side Door/Most Powerful,Also sprach Zarathustra (2001: A Space Odyssey),Boston Pops Orchestra,iTunes
2015/03/09,Ã¯Â£Â¿ WATCH aluminum video,"""aluminum""",(Please help identify!),
2012/09,iPhone 5 feature video (first song),Always,Switchfoot,iTunes
2010/06,WWDC Intra-session 6/9/10 1:16 p.m.,Ambling Alp,Yeasayer,iTunes
2003/04,iTunes Music Event,Angel,Sarah McLachlan,iTunes
2015/06/15,Shot on an iPhone 6 by Andy H.,Animal,The Acid,iTunes
2013/06/13,WWDC Bash 7:24pm 2010/06 WWDC intra-session 6/8/10 11:42am 6/9/10 6:02 p.m.,Animal,Miike Snow,iTunes
2015/06,WWDC intra-session playlist 16 2012/06 WWDC Bash,Animal,Neon Trees,iTunes
2013/10,Apple Campus 2 video,Another Day,The Album Leaf,iTunes
2015/06,WWDC intra-session playlist 17,Anything Could Happen,Ellie Goulding,iTunes
2015/06/08,WWDC intra-session 12:28pm 2014/09/09 Special Event pre-keynote,Apogee,Tycho,iTunes
2013/09,iTunes Festival 2013 video,Applause,Lady Gaga,iTunes
2009,"""The new iMac"" feature video  2004/01 iPod 4G ""Rock"" silhouette commercial",Are You Gonna Be My Girl,Jet,iTunes
2008/10,"iPod touch 2G ""Funnest"" commercial iPod touch ""Funnest iPod ever"" Web ad for on cnet.com and games.yahoo.com <http: news.softpedia.com="""" news="""" apple-ad-messes-with-yahoo-page-99919.shtml=""""></http:>",Around the Bend,The Asteroids Galaxy Tour,iTunes
2012/04,"iPhone 4S ""Date Night"" commercial",As,Stevie Wonder,iTunes
2010/06,WWDC intra-session,Ashby Man,Charlie Hunter,iTunes
2006/09,"iPod nano 2G ""iPod Remastered"" commercial",The Audience Is Listening Theme Song,Cut Chemist,iTunes
2004,iTMS Europe Launch at Apple Expo London,Aunt Marge's Waltz,John Williams,iTunes
2009/06,WWDC intra-session 6/11/09 6:06pm,Autobanda,Bostich,
2014/01,"iPad Air ""Your Verse Anthem"" commercial",Awareness,Hanan Townshend,iTunes
2003/04,iTunes Music Event,Baaba,Baaba Maal,iTunes
2003/04,"Apple Music ""Nick"" commercial",Baby Got Back,Sir Mix-a-Lot,iTunes
2010/06,WWDC Intra-session 6/8/10 11:43 p.m.,Baby I Love You,Aretha Franklin,iTunes
2010/06,WWDC Bash 10,Back From Kathmandu,OK Go,iTunes
2014/06,WWDC Bash,Bad Blood,Bastille,iTunes
2014/01,"Mac video ""30 Years""",Bad Kingdom,Moderat,iTunes
2009/06,WWDC intra-session 6/11/2009 6:23-25pm,Bar Infierno,Fussible,
2014,"iPhone 5c iSee5c.tumbler.com ""Play ball""",Baseball Organ Charge,(Please help identify!),
2014,"iPhone 5c iSee5c.tumbler.com ""Viva o Carnaval""",Batucada,IlÃƒÂ© AxÃƒÂ¨,
2010/12,"""Every"" iPhone 4 ad",Be Patient (Still),Smidi,iTunes
2004,U2 iTunes Event 2003/04 iTunes introduction video,Beautiful Day,U2,iTunes
2001,Apple iPod Intro,Beautiful Thing,Sister Hazel,iTunes
2000,"Apple iMac ""Sage"" commercial",Bein' Green,Kermit the Frog,iTunes
2015/06/08,WWDC intra-session 4:34pm,Believer,American Authors,iTunes
2014/06/02,WWDC Apple Design Awards 2014/06 WWDC intra-session,Best Day of My Life,American Authors,iTunes
2014/09/09,iPhone 6 design video 2:45 Ã¢Â€Â” NOT CORRECT SONG?,Better Run,Royal Bangs,iTunes
2010/06,WWDC intra-session,Better Together,Jack Johnson,iTunes
2004,MWSF Keynote,Beyond the Sea,Bobby Darin,iTunes
2014/06,WWDC intra-session,Big Blue Wave (The Slow Waves Remix),Hey Ocean!,iTunes
2015/05/20,Shot on an iPhone 6 by Antonie,The Birdwatcher,Vulfpeck,iTunes
2007,Macworld New York,Black Horse and the Cherry Tree,KT Tunstall,iTunes
2015/06,WWDC intra-session playlist 30,Black Tambourine,Beck,iTunes
2010/06,WWDC Intra-session 6/10/10 4:55 p.m.,Blow Away,A Fine Frenzy,iTunes
2013/04,"iPhone ""Photos Every Day"" commercial",Blue,Rob Simonsen,iTunes
2011/01,"AT&T & Verizon ""Waltz"" commercial",The Blue Danube,"Strauss, Richard",
2000,"Apple iMac ""Indigo"" commercial",Blue Suede Shoes,Elvis Presley,iTunes
2014/06,WWDC intra-session,Bohemian Like You,The Dandy Warhols,iTunes
2014/06,WWDC Stump pre-session,Born To Be Alive,Patrick Hernandez,iTunes
2000/07,Apple Pro Mouse (Optical) commercial,Born To Be Wild,Steppenwolf,iTunes
2015/06/08,WWDC Keynote 2:13,Born To Run,Bruce Springsteen,iTunes
2015/05/20,Shot on an iPhone 6 by Erica,Bother,Les Sins,
2010/06,WWDC intra-session,Bottle Rocket,The Go! Team,iTunes
2007,Macworld New York Keynote,Boulevard of Broken Dreams,Green Day,iTunes
2009/09,"iPod nano ""Capture Us"" (Nano Shoots Video) commercial",Bourgeois Shangri-La,Miss Li,iTunes
2001,"""iTunes + iMac 2"" commercial",Brandenburg Concerto No. 5 in D BWV 1050: I. Allegro,Johann Sebastian Bach,
2014/06/02,WWDC intra-session,Brave,Sara Bareilles,iTunes
2003/04,iTunes Music Event,Breathe,Faith Hill,iTunes
2005/09,Special Music Event/Cingular + iTunes Motorola ROKR commercial,Brinca,DJ Kane,iTunes
2010/06,WWDC intra-session,Brown Bike,Bostich+Fussible,
2008/09,"Apple iPod nano 4G nano-chromatic ""Paint"" commercial",Bruises,Chairlift,iTunes
2003/04,iTunes Music Event/iTMS Europe Launch,Building a Mystery,Sarah McLachlan,iTunes
2013/03,"iPhone 5 ""Discover"" and ""Brilliant"" commercials 2013/02 iPad (mini) ""Alive"" ""Together"" and ""Hollywood"" commercials",Bumblerock,Scarlet Newman-Thomas,
2009/06,WWDC intra-session 6/11/09 7:47pm,Burning Up,Alpinestars,iTunes
2015/06,WWDC intra-session playlist 18,Busy Earnin',Jungle,iTunes
2011/06,WWDC Intra-session,But It's Alright,J.J. Jackson,iTunes
2009,iPhone 3G S getting started video,Buzzin',Shwayze,iTunes
2005,Computer Setup Music Mac OS X 10.4 Tiger,Bytecry,Weevil,iTunes
2005,iTunes/Pepsi Bottle Songs (5),C'mon C'mon,The Von Bondies,iTunes
2010/06,WWDC intra-session,California English,Vampire Weekend,iTunes
2011/06,WWDC Intra-session,Can You Tell,Ra Ra Riot,iTunes
2015/06/08,Ã¯Â£Â¿ MUSIC Keynote Feature video,Can't Feel My Face (instrumental),The Weeknd,iTunes
2014/06,WWDC intra-session,Cape Cod Kwassa Kwassa,Vampire Weekend,iTunes
2015/06,WWDC intra-session playlist 1,Cardiac Arrest,Bad Suns,iTunes
2003/04,iTunes Music Event,Carmen \ Overture,Leontyne Price,iTunes
2014,"iPhone 5c iSee5c.tumbler.com ""Pting! Pting!""",Carnival Music,(Please help identify!),
2015/06/08,WWDC pre-keynote 9:54am,Centuries,Fall Out Boy,iTunes
2013,iTunes Festival,Chain My Name,POLIÃƒÂ‡A,iTunes
2014/08/11,"iPad ""Jason's Verse"" commercial",Chained,Marvin Gaye,iTunes
2014/09/09,"Ã¯Â£Â¿ WATCH ""Health & Fitness"" video 3:02",Change,Maipei,iTunes
2004,iTMS Europe Launch at Apple Expo London 2003/04 iTunes Music Event,Changes,David Bowie,iTunes
2004/06,"Apple iPod 4G ""Breakdance"" silhouette commercial",Channel Surfing,Feature Cast,
1984,Macintosh Intro,Chariots Of Fire,Vangelis,iTunes
2014/05/18,"iPhone 5s ""Strength"" commercial",Chicken Fat,Robert Preston,iTunes
2004,iTMS Europe Launch at Apple Expo London,Chim Chim Cher-ee,Julie Andrews & Dick Van Dyke,iTunes
2014/07/16,"MacBook Air ""Stickers"" commercial",Chimes,Hudson Mohawke,iTunes
2010/12,"Face Time ""Under the Covers"" commercial",The Christmas Song,Nat King Cole,iTunes
2015/03/09,Ã¯Â£Â¿ WATCH Cristy Turlington video,"""christy turlington burns""",(Please help identify!),
2015/06/11,WWDC Bash (band intro) 7:03pm,Circle of Life,Disney,iTunes
2009/06,WWDC intra-session,Circus,Britney Spears,iTunes
2008,MacBook promo video,City of Blinding Lights,U2,iTunes
2008,WWDC intra-session,Clocks,Coldplay,iTunes
2010/06,WWDC Intra-session 6/10/10 7:19pm,Closer to Love,Mat Kearney,iTunes
2009/06,WWDC intra-session 6/11/2009 6:18pm,Colorado,Fussible,
2015/06/08,WWDC pre-keynote 9:15am,Come Back To Me (Vicetone Remix),Urban Cone,iTunes
2004,MWSF Keynote,Come Go With Me,The Del-Vikings,iTunes
2010/09,"iPod touch 4G ""All Kinds of Fun"" commercial",Come Home,Chappo,iTunes
2005,MWSF Keynote,Come Rain Or Come Shine,Ray Charles,iTunes
2015/06,WWDC intra-session playlist 40,Comfort Eagle,CAKE,iTunes
2015/05/20,Shot on an iPhone 6 by Araby,Coming Home,Leon Bridges,iTunes
2014/09/09,iPhone event pre-keynote 2014/06 WWDC intra-session,Coming Of Age,Foster The People,iTunes
2010/06,WWDC intra-session 6/8/10 6:11pm,Compliments,Band of Horses,iTunes
2015/06,WWDC intra-session playlist 31,Computer Love,Kraftwerk,
2004,iTMS Europe Launch at Apple Expo London,"Concerto for Violin in E, RV 269 ""Spring"": I. Allegro","Academy of St. Martin in the Fields, Alan Loveday & Neville Marriner",iTunes
2004,iTMS Europe Launch at Apple Expo London,Concrete Jungle,Bob Marley & Rakim,iTunes
2014,"iPhone 5c iSee5c.tumbler.com ""Mosh pit""",Confusion,Shocked Minds,iTunes
2014/09/09,Special Event pre-keynote Ã¯Â£Â¿ WATCH design video 3:31,Cool Kids,Echosmith,iTunes
2014,"iPhone 5c iSee5c.tumbler.com ""Work it!""",Cops on a Bike,Paul Keogh,
2015/05/20,Shot on an iPhone 6 by Cielo,Costa Rica,Walter Martin,iTunes
2014/06/02,WWDC Keynote pre-session 2014/06 WWDC intra-session 2013/10 Apple Special Event intra-session,Counting Stars,OneRepublic,iTunes
2001,Apple iPod Intro,Crazy,Seal,iTunes
2011/06,WWDC Intra-session,Crossfire,Brandon Flowers,iTunes
2011/06,WWDC intra-session 6/7/11 10:02 a.m.,Crossroads,John Mayer,iTunes
2006/04,iPod nano 1000 songs iPod/iTunes commercial,Cubicle,RinÃƒÂ´ÃƒÂ§ÃƒÂ©rÃƒÂ´se,
2013,iTunes Festival,The Curse,Agnes Obel,iTunes
2014/04/21,"Environment feature video ""Better""",(custom instrumental),(Please help identify!),
2013/10/22,"""Making the all-new Mac Pro"" video",(custom instrumental),Plied Sound,
2007/06,"iPod + iTunes ""Mandolin"" commercial",Dance Tonight,Paul McCartney,iTunes
2009/06,WWDC intra-session 6/11/2009 6:28pm,Dandy Del Sur,Hiperboreal,
2003/04,iTunes Music Event,Danke Schoen,Wayne Newton,iTunes
2009/06,WWDC intra-session,DARE,Gorillaz,iTunes
2012/03/07,iPad (3rd generation) feature video,Darkmatter,Andrew Bird,iTunes
2004,U2 iTunes Event,Daughters,John Mayer,iTunes
2011/06,WWDC intra-session 6/7/11 10:08 a.m.,Day Tripper,The Beatles,iTunes
2011/06,WWDC intra-session 6/10/11,Daylight,Matt & Kim,iTunes
2010/06,WWDC intra-session,Death By Diamonds and Pearls,Band of Skulls,iTunes
2015/06,WWDC intra-session playlist 54,Deckchairs On The Moon,Bipolar Sunshine,
2009/06,WWDC intra-session 6/8/09 11:38 p.m.,Deep Blue Day,Brian Eno,iTunes
2011/06,WWDC intra-session 6/7/11 11:16 a.m. 6/8/11 3:14 p.m.,The Denial Twist,The White Stripes,iTunes
2010/06,WWDC Intra-session 6/9/10 2:28 p.m.,Destination Anywhere,The Commitments & Niamh Kavanagh,iTunes
2010/06,WWDC intra-session,Destination Unknown,Missing Persons,iTunes
2014/04,iPad Air Promo Bollywood Verse,Dhoom Taana,Shreya Ghoshal & Abhijeet,iTunes
2010/06,WWDC Intra-session 6/9/10 11:45-47am,Diplomat's Son,Vampire Weekend,iTunes
2012/09,iPhone 5 feature video (second song),Dirty Paws,Of Monsters And Men,iTunes
2011/06,"WWDC intra-session 6/7/11 8:58 p.m. 1998 Apple ""Burn Baby Burn"" commercial",Disco Inferno (Burn Baby Burn),The Trammps,iTunes
2015/06,WWDC intra-session playlist 12 2009/06 WWDC Bash,The Distance,CAKE,iTunes
2015/06,WWDC intra-session playlist 2,Do I Wanna Know?,Arctic Monkeys,iTunes
2011/06,WWDC Intra-session,Do the Panic,Phantom Planet,iTunes
2010/06,WWDC Intra-session 6/9/10 1:29am,Do What You Wanna,Ramsey Lewis,iTunes
2010/06,WWDC Bash 14,Do What You Want,OK Go,iTunes
2011/06,WWDC Intra-session 6/7/11 9:57 a.m. 6/8/11 10:03 a.m. 6/9/11 1:59 p.m. 3:00 p.m. 6/10/11 11:00 a.m. 2011/03 iPad 2 promo video,Dog Days Are Over,Florence + The Machine,iTunes
2013/09/10,1:15pm Apple Special Event first song on iTunes Radio,Doin' It Right (feat. Panda Bear),Daft Punk,iTunes
2004,MWSF Keynote,Domino,Van Morrison,iTunes
2009/06,WWDC intra-session 6/11/09 6:09pm,Don Loope,Nortec Collective,iTunes
2010/06,WWDC Bash 8,Don't Ask Me,OK Go,iTunes
2004,MWSF Keynote,Don't Be Cruel,Elvis Presley,iTunes
2004,U2 iTunes Event,Don't Know Why,Norah Jones,iTunes
2009/06,WWDC intra-session,Don't Stop Believin',Journey,iTunes
2005,MWSF Keynote,Don't Tell Me,Avril Lavigne,iTunes
2015/06/08,WWDC pre-keynote 9:35am,Don't Wanna Fight,Alabama Shakes,iTunes
2010/06,WWDC Intra-session 2010 iPhone 4 promo video,Done Did It (feat. Nicole Wray & NOE),Blakroc,
2011/06,WWDC intra-session 6/7/11 8:57 a.m.,Down on the Corner,Creedence Clearwater Revival,iTunes
2015/06/11,WWDC Bash 6:38pm,Down The Road,C2C,iTunes
2005,MWSF Keynote,Dream a Little Dream of Me,Louis Armstrong & The All Stars,iTunes
2015/06/08,WWDC pre-keynote 9:42am,Dreaming,Smallpools,iTunes
2003/04,iTunes Music Event,Dreams,The Cranberries,iTunes
2012/10,"13Ã¢Â€Â³ MacBook Pro with Retina Display ""Colors"" commercial",Dreams Today,Efterklang,iTunes
2012/08,"iPad ""All On iPad"" commercial 2012/06 iPad ""Do it All"" commercial",Driving,Stolen Jars,iTunes
2004,iTMS Europe Launch at Apple Expo London,Drown In My Own Tears,Ray Charles,iTunes
2014,"iPhone 5c iSee5c.tumbler.com ""Boom!""",Drum March,(Please help identify!),
2011/06,WWDC intra-session 6/6/11 3:06 p.m.,Dynamite,Taio Cruz,iTunes
2014,"iPhone 5c iSee5c.tumbler.com ""Make a wish""",The Eastern Gate,Matt Koskenmaki & David John Vanacore,iTunes
2011/06,WWDC intra-session 6/6/11 4:33 p.m.,Easy Love,MSTRKRFT,iTunes
2013/09,iTunes Festival 2013 video,The Edge Of Glory,Lady Gaga,iTunes
2014/06,WWDC intra-session,Electric Feel,MGMT,iTunes
2015/06,WWDC intra-session playlist 45,Elephant,Tame Impala,iTunes
2015/06/08,WWDC intra-session 2:42pm 2014/06 WWDC intra-session,Elevate,St. Lucia,iTunes
2010/06,WWDC Bash 11,End Love,OK Go,iTunes
2014/05,iPad Air Promo ChÃƒÂ©rie's Verse,England,The National,iTunes
2014/05,iPad Air Promo ChÃƒÂ©rie's Verse,England (Instrumental),The National,iTunes
2003,Computer Setup Music Mac OS X 10.3 Panther,Eple (Original Edit),RÃƒÂ¶yksopp,iTunes
2014/06,WWDC intra-session,Everlasting Light,The Black Keys,iTunes
2011/06,WWDC Intra-session,Every Teardrop Is a Waterfall,Coldplay,iTunes
2011/06,WWDC intra-session 6/6/11 2:01 p.m.,Everybody,V.V. Brown,iTunes
2015/06,WWDC intra-session playlist 19 2012/06 WWDC Bash,Everybody Talks,Neon Trees,iTunes
2014/06,WWDC intra-session,Everyday,Dave Matthews Band,iTunes
2007,MWSF Keynote,Everyday Is a Winding Road,Sheryl Crow,iTunes
2014/06,WWDC intra-session,Everyone Deserves Music,Michael Franti,iTunes
2015/06,WWDC intra-session playlist 20,Everyone Deserves Music,Michael Franti & Spearhead,
2003/04,iTunes Music Event,Everything is Broken (Alternate Mix),Bob Dylan,iTunes
2010/06,WWDC intra-session,Excellent Birds,Laurie Anderson,iTunes
2012/06,WWDC intra-session 6/15/2012 8:54 a.m.,Exodus,Bob Marley,iTunes
2007,Computer Setup Music Mac OS X 10.5 Leopard & 10.6 Snow Leopard Aluminium iMac,Exodus Honey,Honeycut,iTunes
2011/03,iPad 2 Smart Cover video,Extraordinary Machine,Fiona Apple,iTunes
2012/01,"""The textbook. Reinvented for iPad"" promo video",Fake Empire,The National,iTunes
2013/01,"""Dream"" 2012/11: ""Turkey"" ""Orchestra"" 2012/09 iPhone 5 ""Thumb"" ""Cheese"" ""Physics"" ""Ears"" commercials",Falcon Hero,Rob Simonsen,
2003/04,iTunes Music Event,Fallen,Sarah McLachlan,iTunes
2004,iTMS Europe Launch at Apple Expo London,Fallin',Alicia Keys,iTunes
2015/06,WWDC intra-session playlist 3,Falling,HAIM,iTunes
2015/06/11,"WWDC Bash 8:18pm 2005/06 Apple iPod ""Rollerskating"" silhouette commercial",Feel Good Inc. (Album Crossfade),Gorillaz,iTunes
2015/06/11,WWDC Bash 6:27pm,Feel It All Around,Washed Out,iTunes
2010/06,WWDC intra-session,Fences,Phoenix,iTunes
2015/06/11,WWDC Bash 6:23pm,Figure It Out,Royal Blood,iTunes
2005,iTunes/Pepsi Super Bowl commercial,Finally Woken,Jem,iTunes
2015/06,WWDC intra-session playlist 4,Find You (Feat. Matthew Koma & Miriam Bryant),Zedd,iTunes
2001,"iBook G3 ""Snow"" introduction video",Fisherman`s Blues,The Waterboys,iTunes
1999,"Apple iBook ""Possibility of Love"" commercial",Flamenco Sketches,Miles Davis,iTunes
2007/01,"iPod+iTunes Macworld ""Party"" commercial",Flathead,The Fratellis,iTunes
2003,Panther introduction video,The Force of Gravity (BT's Edit),BT,iTunes
2000/02,iMac iMovie commercial,Forever Young,Bob Dylan,iTunes
2003/04,iTunes Music Event,Fox Trot: Mack The Knife,Arthur Murray Orchestra,iTunes
2003/04,iTunes Music Event,Franklin's Tower,Grateful Dead,iTunes
2011/06,WWDC Intra-session,Freak Out / Starry Eyes,LCD Soundsystem,iTunes
2015/06/08,Ã¯Â£Â¿ MUSIC beats one ad,Freedom,Pharrell Williams,
2003,"PowerBook G4 commercial ""Cosmos""",French Letter,J-Walk,iTunes
2003,Macworld San Francisco Keynote 2004 MWSF Keynote,Friday I'm in Love,The Cure,iTunes
2014/09/09,iPhone 6/6 Plus intro video 2:45,From Nowhere,Dan Croll,iTunes
2011/06,WWDC intra-session 6/7/11 8:52 a.m. 6/8/11 10:12 a.m. 6/9/11 3:07 p.m.,From the Clouds,Jack Johnson,iTunes
2011/06,WWDC Stump pre-session WWDC intra-session 6/7/11 9:01 a.m. 2:52 p.m. 6/8/11 11:01 a.m. 6/9/11 3:12 p.m.,Funky Drummer,James Brown,iTunes
2010/06,WWDC intra-session,Funnel of Love,Wanda Jackson,iTunes
2009/06,WWDC Keynote pre-show,Funny the Way It Is,Dave Matthews Band,iTunes
2014/06,WWDC intra-session 2011/06 WWDC intra-session 6/6/11 4:26 p.m.,Gamma Ray,Beck,iTunes
2015/06/15,Shot on an iPhone 6 by Herbert S.,Gene Takes a Drink,Bang on a Can,iTunes
2011/06,OS X Lion promo video,Get Closer,Life In Film,iTunes
2013/06/11,WWDC intra-session 12:56pm,Get Lucky (feat. Pharrell Williams),Daft Punk,iTunes
2010/06,WWDC Bash 9,Get Over It,OK Go,iTunes
2011/06,iOS 5 promo video,Get Some,Lykke Li,iTunes
2014/06,WWDC Stump pre-session,Get The Funk Out Ma Face,The Brothers Johnson,iTunes
2003/04,"Apple Music ""Tyra"" commercial",Get the Party Started,P!nk,iTunes
2015/06,WWDC intra-session playlist 41,Ghettochip Malfunction,Beck,iTunes
2011/06,WWDC Intra-session 6/7/11 2:58 p.m. 6/8/11 8:54 a.m. 2010/06 WWDC Intra-session 6/9/10 4:59pm,The Ghost Inside,Broken Bells,iTunes
2011/06,WWDC intra-session 6/6/11 1:57 p.m. 2009/06 WWDC intra-session 6/7/09 7:54 p.m.,Ghosts In My Machine,Annie Lennox,iTunes
2014/04/22,"iPhone 5s ""Powerful"" commercial",Gigantic,The Pixies,iTunes
2013/06/10,WWDC Keynote 1:49:27,Gimme Shelter,Rolling Stones,iTunes
2005/09,iPod nano commercial,Gimme That,The Resource featuring Jimmy Napes,iTunes
2015/06/11,WWDC Bash 6:30pm,Give It away,The Red Hot Chili Peppers,iTunes
2014/06,WWDC intra-session 2013/06/10 WWDC intra-session 2:01pm,Give Life Back to Music,Daft Punk,iTunes
2010/06,WWDC intra-session,Giving Up The Gun,Vampire Weekend,iTunes
2015/06/08,WWDC Keynote 2:15,"Glory (From the Motion Picture ""Selma"")",Common & John Legend,iTunes
2010/06,WWDC Intra-session 6/9/10 3:44 p.m.,"""The Godfather"" - Main Title Theme",AndrÃƒÂ© Rieu,iTunes
2001/05,Apple Powerbook G4 Titanium Intro 2001 Macworld Tokyo,Godspeed,BT,iTunes
2015/03/09,MacBook reveal video,Gold,Chet Faker,iTunes
2005,Special Music Event,Gold Digger,Kanye West feat. Jamie Foxx,iTunes
2011/06,"WWDC intra-session 6/7/11 3:02 p.m. 2010/06 WWDC intra-session 6/9/10 11:51 a.m. 6/9/10 4:14 p.m. 6/11/10 2:21pm 2010/05 iPad ""What is iPad?"" commercial",Gold Lion,Yeah Yeah Yeahs,iTunes
2015/06,WWDC intra-session playlist 21,Gold On The Ceiling,The Black Keys,iTunes
2015/03/09,Ã¯Â£Â¿ WATCH gold video,"""gold""",(Please help identify!),
2010/06,WWDC Intra-session 6/10/10 1:07 p.m.,Gone Gone Gone (Done Moved On),"Alison Krauss, Robert Plant",iTunes
2015/06,WWDC intra-session playlist 53,Goodness Gracious,Ellie Goulding,iTunes
2007,Mac OS X Leopard videos,Goodnight and Go,Imogen Heap,iTunes
2007,MWSF Keynote,Gravity,John Mayer,iTunes
1989,CBS RECORDS,Great Balls of Fire,Jerry Lee Lewis,iTunes
2013/08,"iPhone 5 ""FaceTime Every Day"" commercial",Green,Rob Simonsen,iTunes
2014/01,"Mac video ""30 Years""",H,Air Review,iTunes
2010/02,iPad introduction video,Hallelujah,The Helio Sequence,iTunes
2010/06,WWDC intra-session,Happy Up Here,RÃƒÂ¶yksopp,iTunes
2011/06,WWDC intra-session 6/7/11 3:04 p.m. 6/8/11 12:35 p.m. 6/9/11 8:52 a.m.,A Hard Day's Night,The Beatles,iTunes
2003/04,iTunes Music Event,A Hard Rain's A-Gonna Fall,Bob Dylan,iTunes
2011/03,iPad: Year One,Harmonium,Rogue Wave,iTunes
2013/12,"iPhone 5s ""Misunderstood"" commercial/ A Harris family holiday full video",Have Yourself A Merry Little Christmas,Cat Power,iTunes
2006/05,Get a Mac commercials (through 2010),Having Trouble Sneezing,Mark Mothersbaugh,
2011/06,WWDC Intra-session 2010/06 WWDC Intra-session,Heard It On the Radio,The Bird and the Bee,iTunes
2012/10,"iPad mini ""Piano"" commercial",Heart & Soul,(Please help identify!),
2010/06,WWDC intra-session,Heart of Gold,Neil Young,iTunes
2015/06,WWDC intra-session playlist 26,Heartbeat,Mat Kearney,iTunes
2009/06,WWDC intra-session 6/12/09 3:29pm,Heaven,Los Lonely Boys,iTunes
2003/04,iTunes introduction video,The Hell Song,Sum 41,iTunes
2015/06,WWDC intra-session playlist 35,Hello Bonjour,Michael Franti & Spearhead,iTunes
2010/11,"The Beatles on iTunes ""Studio - Here Comes the Sun"" commercial",Here Comes The Sun,The Beatles,iTunes
2014/06,WWDC intra-session,Here For You (ft. Laura Welsh),Gorgon City,iTunes
2010/06,WWDC Bash 6,Here It Goes Again,OK Go,iTunes
2004,iTMS Europe Launch at Apple Expo London,Hey Joe,The Jimi Hendrix Experience,iTunes
2003/11,"Apple iPod ""Hip Hop"" silhouette commercial",Hey Mama,The Black Eyed Peas,iTunes
2014/06,WWDC intra-session,High And Dry,Radiohead,iTunes
2011/06,WWDC Intra-session 6/7/11 3:07 p.m. 6/8/11 8:49 a.m. 2010/06 WWDC Intra-session 6/9/10 11:55 a.m.,The High Road,Broken Bells,iTunes
2011/06,WWDC Intra-session,"Hold On, I'm Coming",Sam & Dave,iTunes
2015/06/08,WWDC intra-session 12:25pm,"Hold On, We're Going Home (feat. Majid Jordan)",Drake,iTunes
2015/06/11,WWDC Bash 6:36pm,Holding On To You,Twenty One Pilots,iTunes
2011/06,WWDC intra-session 6/7/11 3:12 p.m. 6/8/11 11:18 a.m. 6/9/11 8:58 a.m. 11:04 a.m.,Holes To Heaven,Jack Johnson,iTunes
2015/06,WWDC intra-session playlist 22 2011/06 WWDC intra-session 6/6/11 4:30 p.m.,Holiday,Vampire Weekend,iTunes
2012/09,Design Review (53:45 into keynote) iPhone 5 feature video (third song),Home,Edward Sharpe & The Magnetic Zeros,iTunes
2010/06,WWDC intra-session,Home,Edward Sharpe and the Magnetic Zeros,iTunes
2015/06/08,WWDC Keynote 2:08,Homenaje Al Benny (Castellano Que Bueno Baila Usted),Gente De Zona,iTunes
2010/06,WWDC intra-session 6/8/10 11:46am,HoppÃƒÂ­polla,Sigur RÃƒÂ³s,iTunes
2012/10,Apple Special Event pre-show,Houdini,Foster The People,iTunes
2003/04,iTunes Music Event,Hound Dog,Elvis,iTunes
2001,"""iTunes + iMac 4"" commercial",How Soon Is Now?,Snake River Conspiracy,
2005/09,Special Music Event/Cingular + iTunes Motorola ROKR commercial,Hung Up,Madonna,iTunes
2013/03,"iPhone 5 ""Discover"" commercial (shown but not aired)",Hurry Hurry,Jessie Baylin,iTunes
2011/03,iPad iBooks Guided Tour,I Am Not a Robot (Instrumental),Marina And The Diamonds,
2015/06,WWDC intra-session playlist 32 2015/06/08 WWDC pre-keynote 9:33am,I Bet My Life,Imagine Dragons,iTunes
2011/10,Lets Talk iPhone Keynote Pre-show,I Can't Explain (Mono Version),The Who,iTunes
2014/06,WWDC intra-session,I Could Use Somebody,Trae,iTunes
2010/06,WWDC intra-session,I Don't Care Anymore,Phil Collins,iTunes
2014/03/25,Apple Campus 2 Demolition internal video,I Fall To Pieces,Patsy Cline,iTunes
2004,Apple/Pepsi iTunes Super Bowl commercial,I Fought The Law,Green Day,iTunes
2014/06,WWDC intra-session,I Got Mine,The Black Keys,iTunes
2011/06,WWDC Keynote 2007 MWSF Keynote,I Got You (I Feel Good),James Brown,iTunes
2005,iTunes/Pepsi Bottle Songs (6),I Just Wanna Love U (Give It 2 Me),Jay-Z,iTunes
2005,iTunes/Pepsi Bottle Songs (3),I Like Your Mom,Bouncing Souls,iTunes
2015/03/09,Spring Forward Event pre-keynote 2014/10/16 iPhone 6/6 Plus launch day video played at the start of the October Event Keynote,I Lived,OneRepublic,iTunes
2015/06/08,WWDC Keynote 2:14,I Love Rock N Roll,Joan Jett & The Blackhearts,iTunes
2003/04,iTunes Music Event,I Love You,John Coltrane,iTunes
2010/06,WWDC intra-session,I Need You,The Hedrons,iTunes
2011/06,WWDC intra-session 6/6/11 4:41 p.m.,I Turn My Camera On,Spoon,iTunes
2005,MWSF Keynote,I Want Candy,Bow Wow Wow,iTunes
2015/06,WWDC intra-session playlist 33,I Want It All,Arctic Monkeys,iTunes
2010/11,"The Beatles on iTunes ""Coming to America"" commercial",I Want to Hold Your Hand,The Beatles,iTunes
2013/06/11,WWDC intra-session 8:08pm,I Want You Back,The Jackson 5,iTunes
2010/06,WWDC Bash 5,I Want You So Bad I Can't Breathe,OK Go,iTunes
2015/06/11,WWDC Bash 7:46pm,I Want You To Know (feat. Selena Gomez),Zedd,iTunes
2014/06,WWDC intra-session,I Will Wait,Mumford & Sons,iTunes
2003/04,"Apple Music ""Nava"" commercial",I'll Be There,Jackson 5,iTunes
2014/06,WWDC intra-session,I'm Shakin',Jack White,iTunes
2009/06,WWDC intra-session,I'm Yours,Jason Mraz,iTunes
2010/06,WWDC intra-session,I've Got a Feeling,The Beatles,iTunes
2014/06,WWDC Bash,Icarus,Bastille,iTunes
2005/09,Special Event 2004 iTMS Europe Launch at Apple Expo London,If I Ain't Got You (Piano Version #2),Alicia Keys,iTunes
2015/06,WWDC intra-session playlist 51 2008/06 WWDC Bash 2003/04 iTunes Music Event 18:15,If I Had $1000000,Barenaked Ladies,iTunes
2009/06,"iPhone 3GS ""Voice Control"" commercial WWDC 2009 intra-session",If I Had Eyes,Jack Johnson,iTunes
2011/06,WWDC intra-session 6/6/11 3:10 p.m.,(If You're Wondering If I Want You To) I Want You To,Weezer,iTunes
2003/04,iTunes Music Event,In My Life,Johnny Cash,iTunes
2015/06,WWDC intra-session playlist 36 2015/06/08 WWDC Keynote 2:07,In the Clear,Foo Fighters,iTunes
2014/10/16,iMac retina feature video,Inside Out,Spoon,iTunes
2007,"iPhone Oscar ""Hello"" commercial",Inside Your Head,Eberg,iTunes
2014/06,WWDC intra-session,Instant Crush,Daft Punk,iTunes
2014/09/09,"""Perspective"" video",(instrumental),(Please help identify!),
2014/06,WWDC intra-session,Intergalactic,Beastie Boys,iTunes
2002,Computer Setup Music Mac OS X 10.2 Jaguar,intro-sound Jaguar,Apple,
2003,Computer Setup Music Mac OS X 10.3 Panther,intro-sound Panther,Apple,
2005,Computer Setup Music Mac OS X 10.4 Tiger,intro-sound Tiger,Apple,
2010/06,WWDC Bash 12,Invincible,OK Go,iTunes
2003/04,iTunes Music Event,It's All Over Now (Outtake from Stripped),The Rolling Stones,iTunes
2011/10,iPhone 4S promo video,It's Gonna Be,Empyr,iTunes
2005,iTunes/Pepsi Bottle Songs (2),It's Like That / I Am Complete,"Casual, Handsome Boy Modeling School & Tim Meadows",
2004,iTMS Europe Launch at Apple Expo London,It's So Easy,Buddy Holly & The Crickets,iTunes
2012/10,Apple Special Event pre-show 2012/09 Media Event - Retail Overview,It's Time,Imagine Dragons,iTunes
2010/06,WWDC intra-session,January Wedding,The Avett Brothers,iTunes
2005/01,"iPod shuffle ""Life Is Random"" commercial",Jerk It Out,Caesars,iTunes
2009/06,WWDC Bash,Jolene,CAKE,iTunes
2005/09,Special Music Event/Cingular + iTunes Motorola ROKR commercial,Jukebox (Radio Edit),Bent Fabric,iTunes
2003/04,iTunes Music Event,"Jump Monk (From ""Dream Montage"")",Charles Mingus,iTunes
2011/10,Lets Talk iPhone Keynote Pre-show,Jumpin' Jack Flash,The Rolling Stones,iTunes
2014/09/09,Special Event pre-keynote,Jungle (Remix),X Ambassadors & Jamie N Commons Ft. Jay-Z,
2009/06,WWDC intra-session,Just a Friend,Biz Markie,iTunes
2009/06,WWDC intra-session,Just Dance,Lady Gaga,iTunes
2015/06,WWDC intra-session playlist 23,Keep On Shining,Curtis Harding,iTunes
2013/06,iOS 7 feature video (custom piano version),Keep Your Eyes Open,Needtobreathe,iTunes
2011/06,WWDC intra-session 6/6/11 2:57 p.m.,Kids,MGMT,iTunes
2015/05/20,Shot on an iPhone 6 by Amar,Kiki,Blick Bassy,iTunes
2010/06,WWDC intra-session,Kim & Jessie,M83,iTunes
2004,iTMS Europe Launch at Apple Expo London,Kind Hearted Woman Blues (Live),Eric Clapton,iTunes
2011/06,WWDC intra-session 6/7/11 8:52 p.m.,King Tubby's Patient Dub (Freedom Blues),King Tubby,
2012/03/07,"iPad (3rd generation) ""This Good"" commercial",The Kiss,Phildel,iTunes
2014/09/09,Ã¯Â£Â¿ WATCH design video 1:57,Klapp Klapp,Little Dragon,iTunes
2002,G4 iMac Intro,Kodachrome,Paul Simon,iTunes
2007/09,"iPod touch commercial (shown at ""The Beat Goes On"" but never aired to television)",La la La,The Bird and the Bee,iTunes
2011/06,WWDC Intra-session 6/6/11 2:58 p.m. 2010/06 WWDC Intra-session 6/9/10 6:13 p.m.,Lasso,Phoenix,iTunes
2010/06,WWDC Bash 7,Last Leaf,OK Go,iTunes
2015/03/09,Spring Forward Event pre-keynote,Latch (ft. Sam Smith),Disclosure,iTunes
2005,iTunes/Pepsi Super Bowl commercial,Lavender,50 Foot Wave,iTunes
2014/06,WWDC intra-session,Lazaretto,Jack White,iTunes
2010/06,WWDC Intra-session 6/10/10 4:59 p.m.,LDN,Lily Allen,iTunes
2008,MacBook feature video,Le Dernier Orage,Opus Magnum Phase 1,
2014,"iPhone 5c iSee5c.tumbler.com ""Porte des Lilas""",Le poinÃƒÂ§onneur des Lilas,Serge Gainsbourg,iTunes
2015/06,WWDC intra-session playlist 37,Learn To Fly,Foo Fighters,iTunes
2014/06,WWDC intra-session,Learning To Fly,Tom Petty,iTunes
2009/06,WWDC intra-session,Lebanese Blonde,Thievery Corporation,iTunes
2011/06,WWDC intra-session 6/8/11 11:25 a.m. 6/10/11 8:52 a.m.,Let Go,Frou Frou,iTunes
2010/11,"The Beatles on iTunes ""Studio - Let it Be"" commercial",Let It Be,The Beatles,iTunes
2003,Macworld San Francisco iMovie demo,Let It Snow! Let It Snow! Let It Snow!,Dean Martin,iTunes
2010/06,WWDC intra-session,"Let's Do It, Let's Fall in Love",Louis Armstrong & Oscar Peterson,iTunes
2004,iMac G5 Intro Apple Expo/2004 Apple Store Audio/2005 MWSF Keynote/2005 iTunes/Motorolla ROKR demo,Let's Get It Started (Spike Mix),The Black Eyed Peas,iTunes
2011/06,WWDC intra-session 6/8/11 11:29 a.m.,Let's Go Surfing,The Drums,iTunes
2011/06,iOS 5 promo video,Liar,Madcon,iTunes
2013/10,iPhone 5s introduction video,Life In Color,OneRepublic,iTunes
2010/06,WWDC Intra-session 6/11/10 3:28pm,Life in Technicolor II,Coldplay,iTunes
2009/06,WWDC intra-session,Life Is a Highway,Tom Cochrane,iTunes
2014/06/29,"iPhone 5s ""Parenthood"" commercial",Life of Dreams,Julie Doiron,iTunes
2003,"Apple/VW ""Pods Unite"" commercial",Light & Day/Reach For the Sun,The Polyphonic Spree,iTunes
2007,Macworld New York Keynote,Like A Rolling Stone,Bob Dylan,iTunes
2010/10,Apple Special Event,Linus And Lucy,Vince Guaraldi Trio,iTunes
2015/06,WWDC intra-session playlist 5 2011/06 WWDC intra-session,Lisztomania,Phoenix,iTunes
2014/10/16,iMac with Retina 5K display - The Evolution of Retina,Little Monster,Royal Blood,iTunes
2010/06,WWDC intra-session,Little Secrets,Passion Pit,iTunes
2014,"iPhone 5c iSee5c.tumbler.com ""Catwalk""",Live Fast Die Old [Headman Remix],Munk,iTunes
2010/06,WWDC intra-session,Lively Up Yourself,Charlie Hunter Quartet,iTunes
2013/06/10,WWDC Keynote 1:48:53,Locked Out Of Heaven,Bruno Mars,iTunes
2010/06,WWDC Intra-session 6/10/10 1:01 p.m.,The Loco-Motion,Little Eva,iTunes
2015/06,WWDC intra-session playlist 6,Lonely Boy,The Black Keys,iTunes
2015/06/11,WWDC Bash 7:50pm,Lonely Town,Brandon Flowers,iTunes
2015/06,WWDC intra-session playlist 27,Long Distance Call,Phoenix,iTunes
1999,Macworld San Francisco/PowerMac G3 promo video,The Look of Love,Brasil '66 & SÃƒÂ©rgio Mendes,iTunes
2005/10,"iPod + iTunes silhouette commercial 2003/04 Apple Music ""Jacob"" commercial",Lose Yourself,Eminem,iTunes
2015/06,WWDC intra-session playlist 28,Lost At Sea,Zedd feat. Ryan Tedder,iTunes
2004,iTMS Europe Launch at Apple Expo London,Love Is Only a Feeling,The Darkness,iTunes
2001,Macworld San Francisco,Love Shack,The B-52's,iTunes
2011/06,WWDC Intra-session,Love That Girl,Raphael Saadiq,iTunes
2006/04,iPod + iTunes commercial,Love Train,Wolfmother,iTunes
2015/06,WWDC intra-session playlist 46 2009/06 WWDC Bash,Love You Madly,CAKE,iTunes
2010/06,WWDC Intra-session,Lovers In Japan / Reign of Love,Coldplay,iTunes
2010/06,WWDC Intra-session,Luno,Bloc Party,iTunes
2012/10,iPad mini Smart Cover commercial,The Lupine Waltz,The Real Tuesday Weld,iTunes
2014/01,"Mac video ""30 Years""",Mac 30th,Rob Simonsen,
2015/03/09,MacBook design video,"""macbook design""",(Please help identify!),
2003/04,iTunes Music Event,Mack The Knife,Bobby Darin,iTunes
2003/04,iTunes Music Event,Mack the Knife,Ella Fitzgerald,iTunes
2003/04,iTunes Music Event,Mack The Knife,Louis Armstrong,iTunes
2012/05,"iPhone 4S ""Life"" and ""Joke"" commercials","Madama Butterfly: Act I, ""Ecco. Son giunte al sommo del pendio""","Herbert von Karajan, Wiener Philharmoniker, Michel SÃƒÂ©nÃƒÂ©chal, Mirella Freni, Chorus of the Vienna State Opera, Robert Kerns & Luciano Pavarotti",
2015/06,WWDC intra-session playlist 11,Magic,Coldplay,iTunes
2011/06,WWDC intra-session 6/6/11 2:54 p.m.,Magic (feat. Rivers Cuomo),B.o.B,iTunes
2010/06,WWDC Intra-session,Magic Spells,Crystal Castles,iTunes
2011/12,"The Beatles on iTunes ""Covers"" commercial",Magical Mystery Tour,The Beatles,iTunes
2011/06,WWDC intra-session 6/10/11 8:40 a.m.,Make Rock - Not War,Blue ÃƒÂ–yster Cult,iTunes
2003/01,New Powerbooks introduction video,Massai Rain,Miriam Stockley,iTunes
2010/06,WWDC Intra-session 6/10/10 2:23 p.m.,Memory,Sugarcult,iTunes
2010/06,WWDC intra-session 6/8/10 11:40 p.m.,The Memphis Train,Rufus Thomas,iTunes
2007/05,"iPod + iTunes ""Island"" commercial",Mi Swing Es Tropical (Featuring Tempo),Nickodemus & Quantic featuring Tempo,
2014/06,WWDC intra-session,Midnight City,M83,iTunes
2010/06,WWDC Bash 3 WWDC intra-session 6/9/10 6:09 p.m.,A Million Ways,OK Go,iTunes
2015/06,"WWDC intra-session playlist 47 2014/09/09 Special Event (live) iTunes ""Echoes"" commercial",The Miracle (Of Joey Ramone),U2,iTunes
2014/01,"""1.21.14"" Film behind the scenes",the moment,ÃƒÂ“lafur Arnalds,
,?,Money (Thats What I Want),Barrett Strong,iTunes
2004,iLife '04 Intro,Monster Mash,Bobby 'Boris' Pickett & The Crypt-Kickers,iTunes
2015/06/08,WWDC intra-session 2:40pm,The Mother We Share,Chvrches,iTunes
2010/06,WWDC Intra-session 6/10/10 1:19pm,Move Along,The All-American Rejects,iTunes
2010/06,WWDC Intra-session 6/10/10 2:14 p.m.,Moving In Stereo,The Cars,iTunes
2008,WWDC intra-session,Mr. Jones,Counting Crows,iTunes
2009/06,"iPhone 3GS ""Avid"" ""Share"" ""Travel"" ""Skateboard"" ""Copy and Paste"" and ""Voice Control"" commercials",Mr. Pitiful,Matt Costa,iTunes
2003/04,iTunes Music Event,Mr. Tambourine Man (Live),Bob Dylan,iTunes
2015/06/15,Shot on an iPhone 6 by Trond K.,Murakami,Made In Heights,iTunes
2007/10,"iPod touch ""Touch"" commercial (based on YouTube Video)","Music Is My Hot, Hot Sex",CSS,iTunes
2002,"Apple iMac G4 (LCD) ""imac_window2"" commercial",Music to Think By,Benny Golson,iTunes
2010/06,WWDC Intra-session,My Boys,Taken By Trees,iTunes
2014/06,WWDC intra-session 2011/06 WWDC intra-session 6/7/11 12:13 p.m.,My Doorbell,The White Stripes,iTunes
2011/06,WWDC Intra-session,"My Ever Changing Moods (12"" Version)",The Style Council,iTunes
2010/06,WWDC Intra-session,My Favourite Game,The Cardigans,iTunes
2003/04,"Apple Music ""Floyd"" commercial",My Generation,The Who,iTunes
2012/09,Media Event,My Hero,Foo Fighters,iTunes
2015/06/08,WWDC Keynote 2:13,My Life,Loren Kramar,iTunes
2013,iTunes Festival,My Love Took Me Down to the River to Silence Me,Little Green Cars,iTunes
2010/06,WWDC Intra-session 6/8/10 6:08pm 6/9/10 11:59 a.m.,My Moon My Man,Feist,iTunes
2013/09/10,Apple Special Event pre-show,My Number,Foals,iTunes
2014/06,WWDC intra-session,Natural Blues,Moby,iTunes
2010/06,WWDC Bash 2,Needing/Getting,OK Go,iTunes
2014/06,WWDC Stump pre-session,Nelson Mandela,The Specials,iTunes
2013/10,"iPad Air ""Pencil"" commercial",Neo,Ryan Teague,iTunes
2005,MWSF Keynote,Neon,John Mayer,iTunes
2009,iPhone 3G S getting started video,Never Miss a Beat,Kaiser Chiefs,iTunes
2010/08,"iPad ""iPad is Ã¢Â€Â”"" commercials",Never Stop,Chilly Gonzales,iTunes
2009/06,WWDC Bash,Never There,CAKE,iTunes
2008,WWDC pre-session/MacBook Air,New Soul,Yael NaÃƒÂ¯m,iTunes
2010/06,WWDC Intra-session,Night Moves - Bob Seger & the Silver Bullet Band Tribute,Classic Rock Monsters,
2004,iLife '04 Intro,Nitro (Youth Energy),The Offspring,iTunes
2014/06,WWDC Bash,No Scrubs (TLC Cover),Bastille,
2005/09,Special Music Event/Cingular + iTunes Motorola ROKR commercial,No Sleep Tonight,The Faders,iTunes
2012/06,"WWDC intra-session 6/13/2012 5:31 p.m. 2009/02 iPod touch 2G ""Apps"" commercial (""Funnest"" first use of ""There's an app for that"")",No You Girls,Franz Ferdinand,iTunes
2010/11,"iPhone 4 ""Longer"" commercial",Nothing But Time,Opus Orange,iTunes
2001,"""iTunes + iMac 6"" commercial",Notion,Tongue,
2010/06,WWDC Intra-session,Now My Feet Won't Touch the Ground,Coldplay,iTunes
2011/06,WWDC Intra-session,O Valencia!,The Decemberists,iTunes
2014/06,WWDC intra-session,Obedear,Purity Ring,iTunes
2003/06,Computer Setup Music Mac OS X 10.3 Panther Developer Beta,Ocean Air,dZihan & Kamien,iTunes
2015/06,WWDC intra-session playlist 7,Oceans,Coasts,iTunes
2015/06,WWDC intra-session playlist 34,Odds Are,Barenaked Ladies,iTunes
2014/06,WWDC Bash,Of The Night,Bastille,iTunes
2008/06,WWDC Bash,The Old Apartment,Barenaked Ladies,iTunes
2010/06,,WWDC intra-session 6/8/10 11:52 p.m.,The Old Landmark (with Rev. James Cleveland Choir),
2010/06,WWDC Intra-session,"OlÃƒÂ©, OlÃƒÂ©, OlÃƒÂ© (The Name of the Game) (Radio Mix)",DJ Ostkurve & Soccer DJ,iTunes
2013/06,WWDC Retail Video,On Our Way,The Royal Concept,iTunes
2010/06,WWDC Intra-session 6/7/10 12:52 p.m.,On the Sunny Side of the Street,Louis Armstrong,iTunes
2014/06/02,WWDC intra-session,On Top of the World,Imagine Dragons,iTunes
2010/10,MacBook Air promo video,One Day Like This,Elbow,iTunes
2003/04,iTunes Music Event,"One For My Baby and ""One More for the Road""",Bette Midler,iTunes
2003/04,iTunes Music Event,"One For My Baby and ""One More for the Road""",Billie Holiday,iTunes
2003/04,iTunes Music Event,"One For My Baby and ""One More for the Road""",Ella Fitzgerald,iTunes
2003/04,iTunes Music Event,"One For My Baby and ""One More for the Road""",Frank Sinatra,iTunes
2003/04,iTunes Music Event,"One For My Baby and ""One More for the Road""",Willie Nelson,iTunes
2013/06/10,WWDC Keynote 1:47:59,One More Night,Maroon 5,iTunes
2014/06,WWDC intra-session,The Only One I Know,Robbie Williams,iTunes
2009/06,WWDC intra-session,Only Wanna Be With You,Hootie & The Blowfish,iTunes
2012/06,WWDC intra-session 6/15/2012 8:31 a.m.,The Only Way Is The Wrong Way,Filter,iTunes
2013/10,"iPhone 5s ""Metal Mastered"" commercial",Ooh La La,Goldfrapp,iTunes
2011/10,"iPhone 4S ""Rock god"" ""Assistant"" and ""Santa"" commercials",Orchestral - Goldengrove v2,Keith Kenniff,
2004,U2 iTunes Event 2005/10 iPod 5G commercial,Original of the Species,U2,iTunes
2014,"iPhone 5c iSee5c.tumbler.com ""French cancan""",Orphee Aux Enfers: Overture,"Czech Philharmonic Orchestra, Petr Skvor & VÃƒÂ¡clav Neumann",iTunes
2013/09,Apple Special Event pre-show,Out of My League,Fitz and the Tantrums,iTunes
2010/06,WWDC Intra-session,Oxford Comma,Vampire Weekend,iTunes
2006,iTunes Latino commercial,Pachuco,A.B. Quintanilla III Present Kumbia Kings,iTunes
2014,"iPhone 5c iSee5c.tumbler.com ""Power up""",PacMan,,
2009/06,WWDC intra-session 6/12/09 3:27pm,Pain,Jimmy Eat World,iTunes
2012/06,MacBook Pro with Retina Display introduction video,Paradise,Coldplay,iTunes
2009/06/08,MacBook Pro Design video,Pendulum,,
2014/06,WWDC intra-session,Penny On The Train Track,Ben Kweller,iTunes
2010/06,WWDC Intra-session,People Are Strange,The Doors,iTunes
2011/06,WWDC Intra-session,Perdi Mi Ojo de Venado,Caifanes,iTunes
2007/06,iPhone commercials,Perfect Timing (instrumental-only version used in ad),Orba Squara,
2007/06,iPhone commercials (original song),Perfect Timing (This Morning),Orba Squara,iTunes
2010/06,WWDC Intra-session 6/10/10 2:16 p.m.,Persistence of Memory (Remix),Afro Celt Sound System,iTunes
1998,"PowerBook G3 ""Steamroller"" commercial",Peter Gunn Suite (Peter Gunn Theme),Henry Mancini,iTunes
2014/06/13,Omotesando Tokyo Ã¢Â€Â” Grand opening video,Philosophize In It! Chemicalize With It!,Kishi Bashi,iTunes
2014,"iPhone 5c iSee5c.tumbler.com ""Sakura""",Piano flit,,
2012/11,"iPad mini ""Books"" commercial",(piano piece),(Please help identify!),
1996,Sales Representative,Pipeline,Dick Dale & the Del-Tones/Stevie Ray Vaughan,
2015/06/12,WWDC Lunchtime Speaker pre-session,"The Planets, Op. 32: I. Mars, the Bringer of War",Los Angeles Philharmonic Orchestra,iTunes
2015/06/12,WWDC Lunchtime Speaker pre-session,"The Planets, Op. 32: IV. Jupiter, the Bringer of Jollity",Los Angeles Philharmonic Orchestra,iTunes
2010/06,WWDC Intra-session,Play the Game,Queen,iTunes
2009/06,WWDC intra-session,Please Don't Leave Me,P!nk,iTunes
2015/06/11,WWDC Bash 6:20pm 2015/06 WWDC intra-session playlist 8 2014/06/02 WWDC Keynote pre-session Keynote Demo 2014/06 WWDC intra-session WWDC Bash,Pompeii,Bastille,iTunes
2011/06,WWDC intra-session 6/9/11 10:05 a.m. 2001 Apple iPod Intro / Apple Macworld keynote set up music,Porcelain,Moby,iTunes
2008,WWDC intra-session,Praise You,Fatboy Slim,iTunes
2010/06,WWDC Intra-session,Processed Beats,Kasabian,iTunes
2010/06,WWDC Intra-session,Pump It Up,Elvis Costello,iTunes
2010/06,WWDC Intra-session,The Puppy Song,Harry Nilsson,iTunes
2000,G4 Cube commercial,Purple Haze,The Jimi Hendrix Experience,iTunes
2001,"""iTunes + iMac 3"" commercial",Push the Button,Money Mark,iTunes
2011/06,WWDC intra-session 6/7/11 9:59 a.m.,Put Your Records On,Corinne Bailey Rae,iTunes
2010/06,WWDC Intra-session,"Que Sera, Sera (Whatever Will Be, Will Be)",Wax Tailor,iTunes
2013/09,Apple Special Event Musical Guest,Radio Radio,Elvis Costello,iTunes
2001,"""iTunes + iMac 5"" commercial",The Radio Still Sucks,The Ataris,iTunes
2001/05,Apple Powerbook G4 Titanium Intro,Rain Dance,Adiemus,iTunes
2012/02,"iCloud ""Harmony"" commercial",Reach,Andy Huckvale (for Squeak E. Clean Productions),
2015/06,WWDC intra-session playlist 38 2012/06 WWDC intra-session 6/15/2012 1:00 p.m. 2011/06 WWDC intra-session 6/6/11 3:05 p.m.,Read My Mind,The Killers,iTunes
2003/04,iTunes Music Event,The Real Slim Shady,Eminem,iTunes
2014/06/02,WWDC Intra-session,The Real Thing,Phoenix,iTunes
2013/06,"WWDC Opening video ""Designed by Apple - Intention""",Receives,Keith Kenniff,iTunes
2013/05,"iPhone ""Music Every Day"" commercial",Red,Rob Simonsen,iTunes
2014,"iPhone 5c iSee5c.tumbler.com ""4 Uhr morgens""",Regenerate,Booka Shade,iTunes
2015/06/08,WWDC Keynote 2:05,Respect,Aretha Franklin,iTunes
2014/08/11,"video ""Jason on organizing a movement""",Respect My Heat (feat. D. Anthem),Elijah Miguel,iTunes
2014/09/09,Ã¯Â£Â¿ WATCH reveal video,Reveal,Human Worldwide Music,
2014/09/09,"Ã¯Â£Â¿ WATCH ""Health & Fitness"" video (beginning)",Revolution (feat. Faustix & Imanos and Kai),Diplo,iTunes
2005,iTunes/Pepsi Bottle Songs (1) 2005 iTunes/Pepsi Super Bowl commercial,Rich Girl,Gwen Stefani ft. Eve,iTunes
2004/05,"Apple iPod/iTunes ""Wild Postings"" commercial",Ride,The Vines,iTunes
2003,Apple PowerMac G5 intro WWDC,"Right Here, Right Now",Fatboy Slim,iTunes
2009/06,WWDC intra-session,Right Round,Flo Rida,iTunes
2013/09,"iPhone 5c ""Plastic Perfected"" commercial",Rill Rill,Sleigh Bells,iTunes
2015/06,WWDC intra-session playlist 29,Riptide,Vance Joy,iTunes
2010/06,WWDC Intra-session 6/8/10 11:46pm,Robber Dub,The Clash,
2009/06,WWDC Bash,Rock 'n' Roll Lifestyle,CAKE,iTunes
2003/04,iTunes Music Event,Rock Around the Clock,Bill Haley & His Comets,iTunes
2003/11,"Apple iPod ""Dance"" silhouette commercial",Rock Star (Jason Nevins Remix Edit),N.E.R.D.,iTunes
2011/08,iPhone 4S promo video 2011/06 WWDC intra-session 6/8/11 12:34 p.m.,Rolling In the Deep,Adele,iTunes
2003/04,iTunes Music Event,Rooster Blues,Wild Child Butler,iTunes
2005,"""WWDC Apple Store Prom""","Rubberneckin' (Paul Oakenfold Remix, Radio Edit)",Elvis Presley & Paul Oakenfold,
2000,"Apple iMac ""Ruby"" commercial",Ruby Baby,Dion and the Belmonts,
2008,"Apple MacBook ""Greenest Notebooks""",Run,Broadcast 2000,iTunes
2012/10,iPhone 5 Launch Day Video,Run Run,The Rival,iTunes
2015/03/09,Ã¯Â£Â¿ WATCH commercial,Running Behind,Holychild,iTunes
2014/06,WWDC intra-session,Safe And Sound,Capital Cities,iTunes
2012/06,WWDC intra-session 6/15/2012 8:42 a.m.,Santa Fe,Beirut,iTunes
2015/06,"WWDC intra-session playlist 42 2004/06 Apple iPod ""Saturday Hip Hop"" silhouette commercial",Saturday Night,Ozomatli,iTunes
2011/06,WWDC Intra-session 6/6/11 1:52 p.m. 6/7/11 9:50 a.m. 4:03 p.m. 2010/06 WWDC Intra-session 6/7/09 7:50pm,Say Hey (I Love You) (Featuring Cherine Anderson),Michael Franti & Spearhead,iTunes
2015/06/08,WWDC pre-keynote 9:50am,Say My Name (feat. Zyra),ODESZA,iTunes
2010/10,MacBook Air promo video,Say Yes,Langhorne Slim,iTunes
2014/09/09,"iPhone 6/6 Plus ""Seamless"" video",Seamless,L'Orchestra Cinematique,iTunes
2010/06,iPhone 4 introduction video WWDC intra-session,Secrets,OneRepublic,iTunes
2009/06/08,WWDC intra-session 11:54 p.m.,Seize the Day (feat. Charlotte Savary),Wax Tailor,iTunes
2015/06/08,WWDC Keynote Siri mistake 2:15,Selene,Imagine Dragons,iTunes
2010/06,WWDC Intra-session,Sex On Fire,Kings of Leon,iTunes
2012/04,"iPhone 4S ""Rainy Day"" commercial","Shake, Rattle And Roll",Big Joe Turner,iTunes
2011/06,WWDC intra-session,Shark In the Water,V.V. Brown,iTunes
1999,"Apple iMac ""Colors"" commercial",She's a Rainbow,The Rolling Stones,iTunes
2009/09,"iPod touch ""Next Level Fun"" commercial",She's Got Me Dancing,Tommy Sparks,iTunes
2015/06/08,WWDC pre-keynote 9:30am Keynote 2:09,Ship To Wreck,Florence + The Machine,iTunes
2014/06,WWDC intra-session,Ships In the Night,Mat Kearney,iTunes
2001,"Macworld NY/Apple Store ""Shop Different"" Promo",Shop Around,The Miracles,iTunes
2012/06,"WWDC intra-session 6/15/2012 9:58 a.m. 2010/09 iPod nano 6G ""New Way To Nano"" commercial 2009/06 WWDC Bash",Short Skirt/Long Jacket,CAKE,iTunes
2015/06,WWDC intra-session playlist 52,Shot At The Night,The Killers,
2015/06,WWDC intra-session playlist 9,Shots,Imagine Dragons,iTunes
2015/06/10,WWDC Bash 7:43pm 2015/06/10 WWDC Free Download 2015/06/08 WWDC Keynote 2:14,Shut Up and Dance,WALK THE MOON,iTunes
2011/06,"WWDC intra-session 2008/04 Apple iPod + iTunes ""Gamma"" silhouette commercial",Shut Up And Let Me Go,The Ting Tings,iTunes
2011/06,WWDC intra-session 6/7/11 8:47 a.m.,Since You Been Gone (Remix),James Brown,iTunes
2012/01,"""The textbook. Reinvented for iPad"" promo video",Sinking Friendships,JÃƒÂ³nsi,iTunes
2003/04,iTunes Music Event/iTMS Europe Launch,(Sittin' on) The Dock of the Bay,Otis Redding,iTunes
2011/06,WWDC intra-session 6/7/11 11:19 a.m.,"Sitting, Waiting, Wishing",Jack Johnson,iTunes
2012/10,iPad mini introduction video (second song),Six Degrees Of Separation,The Script,iTunes
2011/06,WWDC intra-session 6/8/11 8:57 a.m.,Skinny Genes,Eliza Doolittle,iTunes
2015/06,"WWDC intra-session playlist 44 2014/09/09 Ã¯Â£Â¿ WATCH demo 2014/07/07 ""Pride"" video 2014/06/02 WWDC Keynote pre-session",A Sky Full Of Stars,Coldplay,iTunes
2011/10,Retail promo video,Sleeping Lessons,The Shins,iTunes
2015/06,WWDC intra-session playlist 24,Sleeping With A Friend,Neon Trees,iTunes
2005,MWSF Keynote,Slide,The Goo Goo Dolls,iTunes
2015/06/11,WWDC Bash 6:45pm,Smells Like Teen Spirit,Nirvana,iTunes
2014/09/09,iPhone 6/6 Plus intro video,Smoke Dancehall,Theophilus London,iTunes
2001,"Apple Powerbook G4 Titanium ""It May Be"" commercial (also used in an introduction video?  Anyone know which one?)",Snowblind,Minus 8,iTunes
2011/07,"""AirPlay"" and ""FaceTime"" commercials (""If you don't have an iPhone you don't have an iPhone"") 2011/03 iPhone 4 ""Apps"" ""iBooks"" ""iPod + iTunes"" ""Retina"" ""Game Center""",So In Love,Jarvis,iTunes
2009/06,WWDC intra-session 6/12/09 11:54am,So What,P!nk,iTunes
2003/04,iTunes Music Event,Soak Up The Sun (Album Version),Sheryl Crow,iTunes
2002,Computer Setup Music Mac OS X 10.2 Jaguar,Sofa Rockers (Richard Dorfmeister Remix),Sofa Surfers,iTunes
2010/06,WWDC Intra-session,Soft Shock,Yeah Yeah Yeahs,iTunes
2014/09/09,"Ã¯Â£Â¿ WATCH ""Health & Fitness"" video 1:11",Someday,Eddie Gomez,iTunes
2006/08,Apple iPod 5G iPod + iTunes commercial,Someday Baby,Bob Dylan,iTunes
2011/06,WWDC Intra-session 6/6/11 2:04 p.m. 2010/06 WWDC Intra-session 6/6/11 2:04 p.m.,Someone Great,LCD Soundsystem,iTunes
2005,MWSF Keynote,Somewhere Over the Rainbow / What a Wonderful World,Israel Kamakawiwo'ole,iTunes
2004,Apple Store in-store iPod pre-loaded music 2003 Panther introduction video,Somnambulist (Simply Being Loved),BT,iTunes
2012/06,"MacBook Pro with Retina Display introduction video & ""Every Dimension"" commercial",Song (String Version),Kidstreet,iTunes
2014/02,On the runway with iPhone 5s,Soothing Me So,Victory,iTunes
2014/06,WWDC intra-session 2011/06 WWDC intra-session 6/7/11 11:27 a.m. 6/9/11 10:00 a.m.,The Sound Of Sunshine,Michael Franti & Spearhead,iTunes
2010/06,WWDC Intra-session,Spaceman,Dave Matthews Band,iTunes
2010/06,WWDC Intra-session,Spaceman,The Killers,iTunes
2005/10,"iPod + iTunes (iPod 5G) ""Sparks"" commercial",Sparks,Wynton Marsalis,
2010/06,WWDC Intra-session,Speed of Light,Alphawesen,
2014/06,"WWDC intra-session 2005 iTunes commercial ""Coldplay""",Speed of Sound,Coldplay,iTunes
2015/06/11,WWDC Bash 7:18pm,Spend Your $$$,WALK THE MOON,iTunes
2010/06,WWDC Intra-session,Spiralling,Keane,iTunes
2002/06,"Apple ""Switch"" commercials",Spit,John Murphy,
2004,iTMS Europe Launch,Spitting Games,Snow Patrol,iTunes
2003/04,iTunes Music Event,St. Louis Blues,Louis Armstrong & The All Stars,
2015/03/09,Ã¯Â£Â¿ WATCH stainless steel video,"""stainless steel""",(Please help identify!),
2004,iLife '04 Intro,Starry Eyed Surprise,Paul Oakenfold,iTunes
2015/06,WWDC intra-session playlist 25 2014/06/02 WWDC intra-session,Step,Vampire Weekend,iTunes
2009/06,WWDC intra-session 6/12/09 11:57am,Stir It Up,The Wailers,iTunes
2015/06,WWDC intra-session playlist 50,Stolen Dance,Milkey Chance,
2002,G4 iMac Intro,Stomp (Remix),God's Property & Kirk Franklin,iTunes
2014/06,WWDC intra-session,Stop Me ( Daniel Merriweather),Mark Ronson,iTunes
2013/09,iTunes Festival 2013 - Moments,Stormur,Sigur Ros,iTunes
2014/09/09,paying without Ã¯Â£Â¿ Pay video,Straight to Video,Shawn Lee's Ping Pong Orchestra,iTunes
2003/04,iTunes introduction video,Straight to...Number One,Touch and Go,
2011/06,WWDC Intra-session 2010/06 WWDC Intra-session,Strawberry Swing,Coldplay,iTunes
2010/02,"iPhone/App Store ""On Hold"" ""First Steps"" and ""Family Travel"" commercials",Stringing Up Conkers,The Boy Least Likely To,iTunes
2014/06,WWDC intra-session,Stylo (feat. Mos Def & Bobby Womack),Gorillaz,iTunes
2009/09,"iPhone 3GS ""Dine"" ""Nature"" ""Pass"" ""Song"" ""Gift"" ""Multi-people"" ""Where's the movie"" commercials",Submarine Symphonika,The Submarines,iTunes
2014/06,WWDC intra-session,Such Great Heights,The Postal Service,iTunes
2011/06,WWDC intra-session,Sultans of Swing,Dire Straits,iTunes
2011/06,WWDC intra-session 6/7/11 11:24 a.m. 6/8/11 1:45 p.m. 6/9/11 10:14 a.m. 6/10/11 8:48 a.m.,Summer days,Phoenix,iTunes
2015/03/09,West Lake China Apple Store Opening video,Sun's Comin' Up,Animal Fiction,iTunes
2001,"""iTunes + iMac 1"" commercial",Sunburn,Muse,iTunes
2014/06,WWDC intra-session,Sunshine,Matisyahu,iTunes
2013/06,Mac Pro sneak peak video,Supremacy,Muse,iTunes
2005,MWSF Keynote,Sweetest Thing,U2,iTunes
2001/10,original Apple iPod intro / commercial,Take California,Propellerheads,iTunes
2001,Apple iPod intro,Take Five,The Dave Brubeck Quartet,iTunes
2003/04,iTunes Music Event,Take It Easy,Eagles,iTunes
2003/04,iTunes Music Event,Take Me to the River,Talking Heads,iTunes
2011/06,iOS 5 promo video,Take What You Take,Lily Allen,iTunes
2014/09/09,"iPhone 6/6 Plus ""Voice Text"" ""Reservations"" ""Gamers"" ""Health"" ""Camera"" & ""Huge"" commercials",Talkback,Rob Simonsen,
2009/06,WWDC intra-session,Tamacun,Rodrigo y Gabriela,iTunes
2014/06,WWDC intra-session,Team,Lorde,iTunes
2014/06,"WWDC intra-session 2005/06 (Where was it used on this date?) 2004 iPod + iTunes (iPod 4G) ""Pop-Lock"" silhouette commercial",Technologic,Daft Punk,iTunes
2009/06,WWDC intra-session 6/11/2009 6:05pm,Tengo la Voz,Bostich,iTunes
2014,"iPhone 5c iSee5c.tumbler.com ""Please try again""",Tetris,,
2009/06,WWDC intra-session 6/12/09 12:01pm,That's Not My Name,The Ting Tings,iTunes
1996,"PowerBook ""Mission: Impossible"" commercial",Theme from Mission: Impossible,Mission: Impossible,iTunes
2010/06,"WWDC intra-session 6/9/10 3:35 p.m. 1999 G4 ""Tanks"" commercial",Theme from The Great Escape,Elmer Bernstein & The Royal Philharmonic Pops Orchestra,
2010/03,"iPad ""Meet iPad"" Oscar commercial",There Goes My Love,The Blue Van,iTunes
2015/06/08,History of Sound video,There is No Light,Wildbirds & Peacedrums,iTunes
2011/03,iPad: Year One,There's So Much Energy in Us,Cloud Cult,iTunes
2015/06,WWDC intra-session playlist 48,Theres No Other Way,Blur,iTunes
2011/06,WWDC intra-session 6/9/11 10:12 a.m. 6/10/11 10:59 a.m.,Thinking About You,Norah Jones,iTunes
2010/06,WWDC Intra-session 6/9/10 3:41 p.m.,The Third Man Theme,Anton Karas,iTunes
2002,G4 iMac Intro,This Could Be Heaven,Seal,iTunes
2014/06,WWDC intra-session,This Must Be The Place (Naive Melody),Talking Heads,iTunes
2012/06,WWDC intra-session 6/12/2012 8:54 a.m. 2010/06 WWDC Bash 13 iPhone 4 Design Video WWDC intra-session 6/8/10 1:00pm 6/9/10 11:43am 6/9/10 6:06 p.m.,This Too Shall Pass,OK Go,iTunes
2010/06,WWDC Intra-session 6/10/10 2:26 p.m.,Thnks Fr Th Mmrs,Fall Out Boy,iTunes
2011/06,WWDC intra-session 6/8/11 12:39 p.m. 6/10/11 8:45 a.m.,Ticket To Ride,The Beatles,iTunes
2010/06,WWDC Intra-session 6/6/10 12:34am,Tigerlily,La Roux,iTunes
2010/06,WWDC Intra-session,Tighten Up,The Black Keys,iTunes
2015/06/10,WWDC Free Download,Tightrope,WALK THE MOON,iTunes
2010/06,WWDC Intra-session,Tijuana Sound Machine,Bostich+Fussible,iTunes
2011/06,WWDC intra-session 6/7/11 11:12 a.m.,Till Kingdom Come,Coldplay,iTunes
2015/06,WWDC intra-session playlist 39,Time,Jungle,iTunes
2015/06,WWDC intra-session playlist 43 2014/06 WWDC intra-session 2012/09 Media Event,Times Like These,Foo Fighters,iTunes
2012/01,"""The textbook. Reinvented for iPad"" promo video",To Build A Home (Instrumental Version),The Cinematic Orchestra,iTunes
2011/03,iPad: Year One,Tokyo Moon,Windmill,iTunes
2011/11,"iPod touch 4G ""Share the Fun"" commercial",Tongue Tied,Grouplove,iTunes
2011/06,WWDC intra-session 6/7/11 8:55 p.m.,Too Many Rappers [new reactionaries version] (featuring NAS),Beastie Boys,iTunes
2015/05/20,Shot on an iPhone 6 by Cocu,Triangle,BADBADNOTGOOD,iTunes
2009,iPhone 3G S getting started video,Troublemaker,Weezer,iTunes
2010/06,WWDC Intra-session,True Faith,Anberlin,iTunes
2013,iTunes Festival,Trying to Be Cool,Phoenix,iTunes
2012/11,"iPad mini ""Photos"" commercial",Two of a Kind,Bobby Darin & Johnny Mercer with Billy May & His Orchestra,iTunes
2012/10,Apple Special Event pre-show 2011/06 WWDC intra-session,Two Weeks,Grizzly Bear,iTunes
2003/04,iTunes Music Event,"Two-Part Invention No. 14 in B-flat Major, BWV 785",Glenn Gould,iTunes
2015/06/08,WWDC Keynote 2:06,Uma Thurman,Fall Out Boy,iTunes
2015/05/06,"iPad Air 2 ""Everything changes with iPad."" film 2013/06/10 WWDC Keynote 1:33:59",Unbelievers,Vampire Weekend,iTunes
2005/10,Special Music Event,Unbreakable (Radio Edit),Alicia Keys,iTunes
2011/06,WWDC intra-session,Uncharted,Sara Bareilles,iTunes
2010/06,WWDC Intra-session,Under Control,The Strokes,iTunes
2009/06,WWDC intra-session,The Underdog,Spoon,iTunes
2013/06/10,iOS 7 feature video 3:54 https://www.youtube.com/watch?v=rT_OmTMwvZI#t=235,(unknown 2nd Song),(Please help identify!),
2013/09/10,iPhone 5s Touch ID video,(unknown instrumental),(Please help identify!),
2014/09/02,Diversity - Inclusion inspires innovation video,(unknown instrumental),(Please help identify!),
2015/04/28,Ã¯Â£Â¿ WATCH Cristy Turlington London Marathon video,(unknown instrumental),(Please help identify!),
2015/06/08,WWDC Timelapse & Hello In Line videos,(unknown WWDC instrumental),(Please help identify!),
2014/10/16,"iPad Air 2 ""Reveal"" video",(unknown),(Please help identify!),
2013/10/23,iPad Air introduction video,(unknown),(Please help identify!),
2014/09/09,"Ã¯Â£Â¿ WATCH ""Health & Fitness"" video (2:05)",(unknown),(Please help identify!),
2015/06/08,iOS 9 App Effect Video,(unknown),(Please help identify!),
2015/06/08,"WWDC ""Backstage"" video @4:07",(unknown),(Please help identify!),
2015/06,WWDC intra-session playlist 13,Up All Night,Owl City,iTunes
2010/06,WWDC Intra-session,Uprising,Muse,iTunes
2015/06/08,WWDC Keynote 2:10 pre-keynote 9:57am,Uptown Funk (Feat. Bruno Mars),Mark Ronson,iTunes
2012/07/28,"Apple's employee recruiting video (first song please help identify other 2) <https: www.youtube.com="""" watch?v=""X9SK052cF3c""></https:>",Upward Rising,Cotton Club,iTunes
2014/06,WWDC intra-session,The Veldt (featuring Chris James) [8 minute edit],deadmau5,iTunes
2004/10,"Apple iPod ""Vertigo"" silhouette commercial/2004 U2 iTunes Event",Vertigo,U2,iTunes
2009/06,WWDC intra-session,Vikingman,Rodrigo y Gabriela,iTunes
2014/05,iPad Air Promo Salonen's Verse,Violin Concerto: I. Mirage - II. Pulse I - III. Pulse II - IV. Adieu,"Esa-Pekka Salonen, The Philharmonia Orchestra & Leila Josefowicz",iTunes
2008/05,"iPod + iTunes ""Sonic"" silhouette commercial",Viva la Vida,Coldplay,iTunes
2013,iTunes Festival,Wait For Me,,iTunes
2012/09,Media Event,Walk,Foo Fighters,iTunes
2004,MWSF Keynote,Walk of Life,Dire Straits,iTunes
2004,MWSF Keynote,Walk On the Wild Side,Lou Reed,iTunes
2015/06/15,Shot on an iPhone 6 by Bryan L.,Walk Walk,Yael NaÃƒÂ¯m,
2004/06,"Apple iPod 4G ""Stereo Rock"" silhouette commercial 2004 WWDC Keynote (iPod/iTunes Video) 2004 iTMS Europe Launch at Apple Expo London",Walkie Talkie Man,Steriogram,iTunes
2013/09/10,12:56pm Apple Special Event pre-show,Walking In Your Footsteps,Shout Out Louds,iTunes
2014,"iPhone 5c iSee5c.tumbler.com ""Skate date""",Waltz of the Flowers,Pyotr Ilyich Tchaikovsky,iTunes
2009/06,WWDC Bash,War Pigs,CAKE,iTunes
2004,U2 iTunes Event,Warning,Green Day,iTunes
2014/06,WWDC intra-session 2012/06 WWDC Intra-session 6/15/2012 12:52 p.m. 2010/06 WWDC Intra-session,Wavin' Flag,K'NAAN,iTunes
2011/06,WWDC intra-session,The Way You Do the Things You Do,UB40,iTunes
2012,Apple Special Event,We Are Young (feat. Janelle MonÃƒÂ¡e),Fun.,iTunes
2011/06,WWDC intra-session,We Can Work It Out,The Beatles,iTunes
2011/06,OS X Lion promo video,We Turn It Up,Oh Land,iTunes
2011/06,WWDC intra-session,We're Going to Be Friends,The White Stripes,iTunes
2009,WWDC intra-session 2003 Apple PowerMac G5 intro WWDC,Weapon of Choice,Fatboy Slim,iTunes
2010/06,WWDC Intra-session 6/9/10 1:06 p.m.,Weird Fishes/Arpeggi,Radiohead,iTunes
2010,WWDC Keynote Pre-show 2010/06 WWDC intra-session 2003 Macworld San Francisco 2003 iTunes Music Event 2002 Macworld San Francisco PowerBook G4 Intro,What a Wonderful World,Louis Armstrong,iTunes
2008/02,iPod touch (American Idol) commercial,What I'm Looking For,Brendan Benson,iTunes
2011/10,Siri Promo Video 2007 Special Event Summer 2004 iTMS Europe Launch at Apple Expo London,What'd I Say (Parts I & II),Ray Charles,iTunes
2013/09,Apple Special Event Musical Guest,(Whats So Funny bout) Peace Love And Understanding,Elvis Costello,iTunes
2015/05/20,Shot on an iPhone 6 by Jin,The Wheel,SOHN,iTunes
2008,WWDC 343 Understanding iPhone Table Views preshow,When I Come Around,Green Day,iTunes
2014/07/28,"iPhone 5s ""Dreams"" commercial",When I grow up,Jennifer O'Connor,iTunes
2010/06,FaceTime iPhone 4 commercial 2010/06 WWDC intra-session 6/7/10 6:42 p.m.,When You're Smiling,Louis Armstrong,iTunes
2005,iTunes/Pepsi Bottle Songs (4),When You're Through,Quantic & Spanky Wilson,iTunes
2010/06,WWDC Intra-session 6/9/10 2:26 p.m.,Where Are You Going,Dave Matthews Band,iTunes
2010/06,WWDC Intra-session,Where It's At,Beck,iTunes
2010/06,WWDC Bash 1 (setlist courtesy of @PrimedWick),White Knuckles,OK Go,iTunes
2000,"Apple iMac ""Snow"" commercial",White Room,Cream,iTunes
2013/06/13,WWDC Bash 7:39pm 2010/06 WWDC Intra-session 6/11/10 1:06pm 6/6/11 1:54 p.m.,White Sky,Vampire Weekend,iTunes
2001,"Apple iLife Digital Hub ""middle seat"" commercial",Who Let the Dogs Out?,Baha Men,iTunes
2014/12/08,"iPad Air 2 ""Change"" film",Who Needs You,The Orwells,iTunes
2006/09,"iPod shuffle 2G ""Put some music on"" commercial",Who's Gonna Sing?,Prototypes,iTunes
2013/06/10,WWDC Keynote 1:49:12,Whole Lotta Love,Led Zeppelin,iTunes
2010/06,WWDC Intra-session,Wicked Game,Chris Isaak,iTunes
2004,Apple iLife '04 intro,Wild Wild Life,Talking Heads,iTunes
2012/03/07,iPad (3rd generation) feature video,Will You Be By Me,Wallpaper Airplanes,iTunes
2014/09/09,iPhone Event pre-keynote 2014/06/02 WWDC Keynote pre-session 2014/06 WWDC intra-session 2013/10 Special Event intra-session,The Wire,HAIM,iTunes
2005,NAB Final Cut Pro promo video,Wonderful Night (Trash Remix),Fatboy Slim,iTunes
2009/06,WWDC intra-session 6/11/09 7:53pm,Wonders Never Cease,Morcheeba,iTunes
2007/11,"iPod + iTunes ""Queen"" silhouette commercial",Work That,Mary J. Blige,iTunes
2013,iTunes Festival,Workin' Woman Blues,Valerie June,iTunes
2010/06,WWDC Intra-session 6/8/10 11:43 p.m.,World Famous,World Famous Supreme Team,iTunes
2004,iTMS Europe Launch at Apple Expo London,Wow,Snow Patrol,iTunes
2012/09,"iPod ""Bounce"" commercial",Yeah Yeah,Willy Moon,iTunes
2010/11,"The Beatles on iTunes ""Studio - Yesterday"" commercial",Yesterday,The Beatles,iTunes
2014/06/09,OS X Yosemite New Design video,Yosemite,Keith Kenniff,
2010/06,WWDC Intra-session 6/9/10 3:26pm,You and Your Heart,Jack Johnson,iTunes
2014/06,WWDC intra-session,You Are The Best Thing,Ray LaMontagne,iTunes
2010/06,WWDC intra-session 6/8/10 11:49 p.m.,You Never Know,Wilco,iTunes
1999/09,iBook Notice the Change iBook: Barry,You Turned My Whole World Around,Barry White,iTunes
2011/06,"WWDC intra-session 6/7/11 10:04 a.m. 6/8/11 9:57 a.m. 6/9/11 11:02 a.m. 2009 WWDC intra-session 6/8/09 12:59 p.m. 2008/12 iPhone 3G ""Office"" ""Itchy"" ""Student"" ""Shazam"" and ""Game Changer "" commercials","You, Me and the Bourgeoisie",The Submarines,iTunes
2010/06,WWDC Intra-session,You're So Damn Hot,OK Go,iTunes
2001,"""Rip Mix Burn"" commercial",You're the one I need,Barry White,iTunes
2014/01,"Mac video ""30 Years""",Young,Air Review,iTunes
2003/04,iTunes Music Event,Your Body Is A Wonderland,John Mayer,iTunes
2003/04,iTunes Music Event,Ziggy Stardust,David Bowie,iTunes
2014/08/11,"iPad ""YaobandÃ¢Â€Â™s Verse"" commercial",Ã¦ÂˆÂ‘Ã¤Â»Â¬Ã¥Â°Â±Ã¥Â–ÂœÃ¦Â¬Â¢Ã¨Â¿Â™Ã¦ Â· We Just Love It (Featuring Aventurina King),Yaoband (Ã¨Â€Â€Ã¤Â¹ÂÃ¥Â›Â¢),iTunes
2013/09,"iPhone 5c ""Designed Together"" feature video",1:18,Lemaitre,iTunes
2014/01,"""1.21.14"" Film",1.21.14,Rob Simonsen,
2005,iTunes/Pepsi Bottle Songs,007 (Shanty Town),Desmond Dekker & The Aces,
2015/06,WWDC intra-session playlist 10,11:59,Michael Franti & Spearhead,iTunes
2012/06,WWDC Intra-session 6/15/2012 12:47 p.m. 2011/06 WWDC Intra-session 6/7/11 8:52 a.m. 2010/06 WWDC Intra-session 6/8/10 11:50-53am 6/9/10 1:06 p.m.,11th Dimension,Julian Casablancas,iTunes
2010/06,WWDC Intra-session,15 Step,Radiohead,iTunes
2014,"iPhone 5c iSee5c.tumbler.com ""99 Luftballons""",99 Luftballons,Nena,iTunes
2015/06/08,WWDC pre-keynote 9:46am,101,WALLA,iTunes
2008/07,"iPhone 3G ""Hallway"" commercial",$165 Million + Interest (Intro) The Round Up,David Holmes,iTunes
2007/09,"iPod nano 3G ""Stacks"" commercial/iPod touch walkthrough",1234,Feist,iTunes
2011/06,WWDC intra-session 6/7/11 11:22 a.m. 6/10/11 9:59 p.m.,1517,The Whitest Boy Alive,iTunes
2013,iTunes Festival,2013,Primal Scream,iTunes